id;nombre;apellido;edad;fecha_nacimiento
1;Loan back-end;withdrawal initiatives;72920;2023-06-27
2;invoice interfaz;Juguetería panel Orientado;22166;2023-06-28
3;Rojo;Algodón;60315;2023-06-27
4;withdrawal;Teclado cultivate optical;31403;2023-06-27
5;Seguro generating Netherlands;Avon Dollar bricks-and-clicks;90483;2023-06-27
6;Distribuido;Azul withdrawal Usabilidad;32594;2023-06-27
7;state;panel Checking;80184;2023-06-27
8;Normas Azerbayán;maximize hack connect;33874;2023-06-28
9;efficient Chipre;Camiseta ROI Sabroso;27381;2023-06-27
10;Maldivas back-end transmitter;Pizza Verde España;52230;2023-06-27
